doc_id,specialty,jaccard,e0_claim,e0_label,e1_claim,e1_label,e0_evidence
16,Discharge Summary,0.42,"The procedure went smoothly, and there were no complications.",Contradicted,"Fortunately, there were no complications from the procedures.",Supported,",COMPLICATIONS:, None.,ADMITTING DIAGNOSIS:, Difficulty voiding. | Postoperative course was uncomplicated. | Abdomen was negative for abnormal findings."
22,Discharge Summary,0.32,Please seek medical attention if you have any concerns.,Contradicted,"You should seek medical attention if you experience any fevers, chills, nausea, vomiting, or decreased urine output.",Supported,"The patient was alert and oriented x3 in no acute distress, healthy-appearing male.,VITAL | The patient was started on Prograf by postoperative day #2.  Initial Prograf levels came back high at 18. | He is discharged on a low-potassium diet with activity as tolerated."
34,Consult - History and Phy.,0.32,"You reported some tenderness around the tube and difficulty swallowing, but you have not experienced any breathing problems or issues while sleeping.",Contradicted,"You mentioned experiencing tenderness around the tube and difficulty swallowing, and you expressed a desire to have the tube removed.",Supported,"Apparently there is no history of any airway issues while sleeping or need for uncapping the tube and essentially the tube has just remained present for months capped in his neck. | He states there has been some tenderness associated with the tracheostomy tube and difficulty with swallowing and he wishes to have it removed. | The patient still wished to have the tube removed and he is aware he may need to have it replaced or he may have trouble with the area healing or scarring or he could end up having an emergent airway situation with the tube gone, but wishes to have it removed, and I did remove it today."
11,Discharge Summary,0.31,"**Treatment or Procedures Performed:**  
You underwent a successful surgery to replace the patellar and tibial components of your right knee.",Contradicted,"During your stay, we performed a procedure to replace the worn parts of your knee.",Supported,",HOSPITAL COURSE:  ,The patient was admitted with revision right total knee arthroplasty and replacement of patellar and tibial poly components. | ON DISCHARGE:,  Stable.,PROCEDURES PERFORMED:,  Poly exchange total knee, right. | ADMISSION DIAGNOSIS:,  Painful right knee status post total knee arthroplasty many years ago."
2,Consult - History and Phy.,0.3,"**Key Findings:**  
During the visit, we noted that your joint pain has improved significantly and is almost gone.",Contradicted,"Although the pain has improved significantly and is almost gone now, it was severe enough at times to make you cry.",Supported,"He was sent here with a chief complaint of joint pain in several joints for few months. | His mother stated that this was done while he was having symptoms.,ASSESSMENT AND PLAN: , This patient may have had reactive arthritis. | Mother was oriented about the finding and my recommendation is to observe him and if there is any recurrence of the symptoms or persistence of swelling or limitation in any of his joints, I will be glad to see him back.,If"
10,Consult - History and Phy.,0.3,"Your vital signs were stable, and your eyes, ears, nose, throat, and neck were all normal.",Contradicted,"During the examination, your vital signs were stable, and you appeared alert and calm.",Supported,"Ears:  Normal set, shape, TMs, canals and hearing. | VITAL SIGNS: , Blood pressure *, pulse *, respirations *, temperature *.,GENERAL APPEARANCE:,  Alert and in no apparent distress, calm, cooperative, and communicative. | Nose and Sinuses:  Negative."
31,Consult - History and Phy.,0.26,It is recommended to continue with regular check-ups as needed.,Contradicted,**Follow-Up Instructions:** Continue to monitor your health and maintain regular check-ups.,Supported,",RECTAL:,  Normal tone. | No guarding, rigidity or rebound tenderness is seen on exam. | The carotid upstroke is normal.  ,ABDOMEN:  ,Soft, nontender and nondistended."
22,Discharge Summary,0.24,You received a kidney transplant and were monitored closely in the surgical intensive care unit.,Contradicted,"As part of your treatment, you received a cadaveric kidney transplant.",Supported,"ADMISSION DIAGNOSIS:,  End-stage renal disease (ESRD).,DISCHARGE DIAGNOSIS: , End-stage renal disease (ESRD).,PROCEDURE:,  Cadaveric renal transplant.,HISTORY | The patient was making excellent urine throughout his stay. | The patient's Prograf levels at the time of discharge are pending; however, given that his Prograf dose was decreased, he will be followed tomorrow at the Renal Transplant Clinic."
