judge,model,mode,group,n,expert_rate,auroc,tau_from_other_subset,flag_rate,precision,recall,specificity,f1,kappa,kappa_at_0_5,flag_rate_at_0_5
minilm_nli,cross-encoder/nli-MiniLM2-L6-H768,top3,all,1781,0.2038180797304885,0.6607713887172793,0.05,0.523301516002246,0.2778969957081545,0.7134986225895317,0.5253878702397743,0.39999999999999997,0.150896786833423,0.08616822492707876,0.7647389107243122
minilm_nli,cross-encoder/nli-MiniLM2-L6-H768,top3,generated,805,0.12546583850931678,0.7110570432043204,0.05,0.5167701863354037,0.19471153846153846,0.801980198019802,0.5241477272727273,0.31334622823984526,0.13962842425027033,0.06657242116393958,0.7403726708074534
minilm_nli,cross-encoder/nli-MiniLM2-L6-H768,top3,doctor_written,976,0.26844262295081966,0.6402030277759958,0.05,0.5286885245901639,0.3449612403100775,0.6793893129770993,0.5266106442577031,0.4575835475578406,0.15762950358323247,0.09525138551094459,0.7848360655737705
minilm_nli,cross-encoder/nli-MiniLM2-L6-H768,doc,all,1781,0.2038180797304885,0.5764132542245121,0.05,0.5833801235261089,0.2377285851780558,0.6804407713498623,0.4414668547249647,0.35235378031383735,0.07201683874196041,0.0024359774640033693,0.9842784952274003
minilm_nli,cross-encoder/nli-MiniLM2-L6-H768,doc,generated,805,0.12546583850931678,0.5732729522952296,0.05,0.4993788819875776,0.14925373134328357,0.594059405940594,0.5142045454545454,0.23856858846918486,0.04756094170417435,0.0010727353512324234,0.9962732919254659
minilm_nli,cross-encoder/nli-MiniLM2-L6-H768,doc,doctor_written,976,0.26844262295081966,0.5525504094767678,0.05,0.6526639344262295,0.29356357927786497,0.7137404580152672,0.3697478991596639,0.41601779755283647,0.05745756351676479,0.007719191789533841,0.9743852459016393
deberta_large_nli,MoritzLaurer/DeBERTa-v3-large-mnli-fever-anli-ling-wanli,top3,all,1781,0.2038180797304885,0.7497435568662648,0.05,0.41830432341381246,0.35838926174496644,0.7355371900826446,0.6629055007052186,0.4819494584837545,0.2863457588877455,0.24367092292108528,0.5244244806288602
deberta_large_nli,MoritzLaurer/DeBERTa-v3-large-mnli-fever-anli-ling-wanli,top3,generated,805,0.12546583850931678,0.7636701170117012,0.05,0.37142857142857144,0.24749163879598662,0.7326732673267327,0.6803977272727273,0.36999999999999994,0.22454721294179703,0.1873601502018981,0.47329192546583854
deberta_large_nli,MoritzLaurer/DeBERTa-v3-large-mnli-fever-anli-ling-wanli,top3,doctor_written,976,0.26844262295081966,0.7364674877584622,0.05,0.4569672131147541,0.4327354260089686,0.7366412213740458,0.6456582633053222,0.5451977401129944,0.31277224778265655,0.26848446015963046,0.5665983606557377
deberta_large_nli,MoritzLaurer/DeBERTa-v3-large-mnli-fever-anli-ling-wanli,doc,all,1781,0.2038180797304885,0.7768216204874752,0.2,0.24985962942167322,0.43820224719101125,0.5371900826446281,0.8236953455571228,0.4826732673267327,0.3329097885442187,0.33157591254146146,0.33801235261089274
deberta_large_nli,MoritzLaurer/DeBERTa-v3-large-mnli-fever-anli-ling-wanli,doc,generated,805,0.12546583850931678,0.7866856998199819,0.2,0.1937888198757764,0.3269230769230769,0.504950495049505,0.8508522727272727,0.39688715953307396,0.2885164763104925,0.29965723304824887,0.26583850931677017
deberta_large_nli,MoritzLaurer/DeBERTa-v3-large-mnli-fever-anli-ling-wanli,doc,doctor_written,976,0.26844262295081966,0.753942416661321,0.55,0.4108606557377049,0.4463840399002494,0.683206106870229,0.6890756302521008,0.5399698340874812,0.3187539476936315,0.325316408714694,0.3975409836065574
ce_deberta_large_nli,cross-encoder/nli-deberta-v3-large,top3,all,1781,0.2038180797304885,0.6919913974985138,0.6,0.6165075800112296,0.28233151183970856,0.8539944903581267,0.44428772919605075,0.42436687200547574,0.1701330771408609,0.16821703657151066,0.6120157215047726
ce_deberta_large_nli,cross-encoder/nli-deberta-v3-large,top3,generated,805,0.12546583850931678,0.7259085283528353,0.6,0.5652173913043478,0.1824175824175824,0.8217821782178217,0.4715909090909091,0.2985611510791367,0.11729974414485345,0.11806785761560479,0.5639751552795031
ce_deberta_large_nli,cross-encoder/nli-deberta-v3-large,top3,doctor_written,976,0.26844262295081966,0.6789376055765818,0.9,0.6844262295081968,0.3458083832335329,0.8816793893129771,0.38795518207282914,0.49677419354838714,0.18090264826557267,0.19143421013873752,0.6516393442622951
ce_deberta_large_nli,cross-encoder/nli-deberta-v3-large,doc,all,1781,0.2038180797304885,0.6370542843488093,0.05,0.44188658057271196,0.2744599745870394,0.5950413223140496,0.5973201692524682,0.3756521739130435,0.1340950766122153,0.11443701364890746,0.6406513194834362
ce_deberta_large_nli,cross-encoder/nli-deberta-v3-large,doc,generated,805,0.12546583850931678,0.6731688793879388,0.05,0.4360248447204969,0.18518518518518517,0.6435643564356436,0.59375,0.2876106194690265,0.11519740030994219,0.09901619551077434,0.6037267080745342
ce_deberta_large_nli,cross-encoder/nli-deberta-v3-large,doc,doctor_written,976,0.26844262295081966,0.6153029914255779,0.15,0.5645491803278688,0.32667876588021777,0.6870229007633588,0.4803921568627451,0.44280442804428044,0.12408967359003409,0.11380787716665575,0.6711065573770492
minicheck_deberta,lytang/MiniCheck-DeBERTa-v3-Large,top3,all,1781,0.2038180797304885,0.7300460043439911,0.05,0.41268950028074114,0.33741496598639453,0.6831955922865014,0.656558533145275,0.4517304189435337,0.24598010588440478,0.10242242839862403,0.7827063447501403
minicheck_deberta,lytang/MiniCheck-DeBERTa-v3-Large,top3,generated,805,0.12546583850931678,0.7303105310531053,0.05,0.3739130434782609,0.2292358803986711,0.6831683168316832,0.6704545454545454,0.34328358208955223,0.19134881738759846,0.06140416488839828,0.768944099378882
minicheck_deberta,lytang/MiniCheck-DeBERTa-v3-Large,top3,doctor_written,976,0.26844262295081966,0.7243382085658692,0.05,0.444672131147541,0.41244239631336405,0.683206106870229,0.6428571428571429,0.514367816091954,0.2699654775604142,0.13514583869626362,0.7940573770491803
minicheck_deberta,lytang/MiniCheck-DeBERTa-v3-Large,doc,all,1781,0.2038180797304885,0.7335915249429803,0.1,0.2846715328467153,0.40631163708086787,0.5674931129476584,0.7877291960507757,0.4735632183908046,0.3095426735331661,0.19737009195759403,0.5569904548006738
minicheck_deberta,lytang/MiniCheck-DeBERTa-v3-Large,doc,generated,805,0.12546583850931678,0.7108601485148516,0.1,0.23478260869565218,0.2962962962962963,0.5544554455445545,0.8110795454545454,0.38620689655172413,0.26620303986234595,0.12356971077300072,0.5118012422360249
minicheck_deberta,lytang/MiniCheck-DeBERTa-v3-Large,doc,doctor_written,976,0.26844262295081966,0.7323941026792397,0.1,0.32581967213114754,0.4716981132075472,0.5725190839694656,0.7647058823529411,0.5172413793103449,0.31585588111594,0.23860722340655605,0.5942622950819673
minicheck_roberta,lytang/MiniCheck-RoBERTa-Large,top3,all,1781,0.2038180797304885,0.7014020834061866,0.05,0.3722627737226277,0.33031674208144796,0.6033057851239669,0.68688293370945,0.42690058479532167,0.2219517848864162,0.08694675479503255,0.7978663672094329
minicheck_roberta,lytang/MiniCheck-RoBERTa-Large,top3,generated,805,0.12546583850931678,0.7013951395139514,0.05,0.34782608695652173,0.225,0.6237623762376238,0.6917613636363636,0.33070866141732286,0.17937596194207361,0.05417663778282711,0.7863354037267081
minicheck_roberta,lytang/MiniCheck-RoBERTa-Large,top3,doctor_written,976,0.26844262295081966,0.699940663288216,0.05,0.39241803278688525,0.4073107049608355,0.5954198473282443,0.6820728291316527,0.48372093023255813,0.24210172843191213,0.11314488926077992,0.8073770491803278
minicheck_roberta,lytang/MiniCheck-RoBERTa-Large,doc,all,1781,0.2038180797304885,0.7156910171078653,0.05,0.18079730488489612,0.40993788819875776,0.36363636363636365,0.8660084626234132,0.3854014598540146,0.23971697797534608,0.18292103838267604,0.5828186412128018
minicheck_roberta,lytang/MiniCheck-RoBERTa-Large,doc,generated,805,0.12546583850931678,0.6943069306930694,0.2,0.3242236024844721,0.21455938697318008,0.5544554455445545,0.7088068181818182,0.30939226519337015,0.1568491084595791,0.11053393009201828,0.5316770186335403
minicheck_roberta,lytang/MiniCheck-RoBERTa-Large,doc,doctor_written,976,0.26844262295081966,0.7153521714029122,0.05,0.21004098360655737,0.48292682926829267,0.37786259541984735,0.8515406162464986,0.42398286937901497,0.24636882413052708,0.2213039485766759,0.625
